Country Name,Country Code,Series Name,Series Code,2014 [YR2014],2015 [YR2015],2016 [YR2016],2017 [YR2017],2018 [YR2018],2019 [YR2019],2020 [YR2020],2021 [YR2021]
Algeria,DZA,"GNI per capita, Atlas method (current US$)",NY.GNP.PCAP.CD,5490,4850,4370,3950,3980,4010,3570,..
Andorra,AND,"GNI per capita, Atlas method (current US$)",NY.GNP.PCAP.CD,..,..,..,..,..,..,..,..
Armenia,ARM,"GNI per capita, Atlas method (current US$)",NY.GNP.PCAP.CD,4140,4010,3760,3950,4240,4660,4220,..
Antigua and Barbuda,ATG,"GNI per capita, Atlas method (current US$)",NY.GNP.PCAP.CD,12760,12850,13580,14320,15880,16420,13750,..
Australia,AUS,"GNI per capita, Atlas method (current US$)",NY.GNP.PCAP.CD,65180,60490,54090,51480,53070,54910,53680,..
Azerbaijan,AZE,"GNI per capita, Atlas method (current US$)",NY.GNP.PCAP.CD,7740,6610,4790,4110,4080,4510,4480,..
Bahrain,BHR,"GNI per capita, Atlas method (current US$)",NY.GNP.PCAP.CD,24070,22580,21570,21250,22000,22230,19900,..
Barbados,BRB,"GNI per capita, Atlas method (current US$)",NY.GNP.PCAP.CD,15630,15740,15920,16070,16700,17380,14350,..
Belgium,BEL,"GNI per capita, Atlas method (current US$)",NY.GNP.PCAP.CD,47820,45570,43400,42520,46070,48060,45800,..
Benin,BEN,"GNI per capita, Atlas method (current US$)",NY.GNP.PCAP.CD,1270,1180,1110,1090,1200,1250,1280,..
Bhutan,BTN,"GNI per capita, Atlas method (current US$)",NY.GNP.PCAP.CD,2460,2520,2650,2800,2970,3150,2840,..
Bosnia and Herzegovina,BIH,"GNI per capita, Atlas method (current US$)",NY.GNP.PCAP.CD,5300,5210,5130,5120,5750,6180,6080,..
Brazil,BRA,"GNI per capita, Atlas method (current US$)",NY.GNP.PCAP.CD,12120,10190,8920,8700,9170,9270,7850,..
Brunei Darussalam,BRN,"GNI per capita, Atlas method (current US$)",NY.GNP.PCAP.CD,43090,38850,33170,29800,29390,32230,31510,..
Burkina Faso,BFA,"GNI per capita, Atlas method (current US$)",NY.GNP.PCAP.CD,760,700,680,670,750,770,770,..
Cabo Verde,CPV,"GNI per capita, Atlas method (current US$)",NY.GNP.PCAP.CD,3360,3210,3130,3080,3400,3630,3060,..
American Samoa,ASM,"GNI per capita, Atlas method (current US$)",NY.GNP.PCAP.CD,..,..,..,..,..,..,..,..
Angola,AGO,"GNI per capita, Atlas method (current US$)",NY.GNP.PCAP.CD,5010,4520,3770,3450,3210,2970,2140,..
Argentina,ARG,"GNI per capita, Atlas method (current US$)",NY.GNP.PCAP.CD,12330,12590,12220,13140,12430,11250,9070,..
Aruba,ABW,"GNI per capita, Atlas method (current US$)",NY.GNP.PCAP.CD,25350,26560,26840,27120,..,..,..,..
Austria,AUT,"GNI per capita, Atlas method (current US$)",NY.GNP.PCAP.CD,50390,47480,46240,45040,49010,51010,48360,..
"Bahamas, The",BHS,"GNI per capita, Atlas method (current US$)",NY.GNP.PCAP.CD,28110,28670,29020,30090,31150,32260,26070,..
Bangladesh,BGD,"GNI per capita, Atlas method (current US$)",NY.GNP.PCAP.CD,1110,1220,1370,1520,1750,1930,2030,..
Belarus,BLR,"GNI per capita, Atlas method (current US$)",NY.GNP.PCAP.CD,7620,6750,5640,5320,5730,6370,6360,..
Belize,BLZ,"GNI per capita, Atlas method (current US$)",NY.GNP.PCAP.CD,4260,4400,4340,4420,4620,4690,4110,..
Bermuda,BMU,"GNI per capita, Atlas method (current US$)",NY.GNP.PCAP.CD,99920,101120,103620,112940,117000,117740,112240,..
Bolivia,BOL,"GNI per capita, Atlas method (current US$)",NY.GNP.PCAP.CD,2830,2960,3040,3090,3370,3520,3180,..
Botswana,BWA,"GNI per capita, Atlas method (current US$)",NY.GNP.PCAP.CD,7700,6780,6950,7050,7510,7510,6640,..
British Virgin Islands,VGB,"GNI per capita, Atlas method (current US$)",NY.GNP.PCAP.CD,..,..,..,..,..,..,..,..
Bulgaria,BGR,"GNI per capita, Atlas method (current US$)",NY.GNP.PCAP.CD,7700,7430,7400,7610,8530,9500,9630,..
Burundi,BDI,"GNI per capita, Atlas method (current US$)",NY.GNP.PCAP.CD,260,260,260,260,250,240,230,..
Cambodia,KHM,"GNI per capita, Atlas method (current US$)",NY.GNP.PCAP.CD,1020,1060,1140,1230,1380,1530,1500,..
Afghanistan,AFG,"GNI per capita, Atlas method (current US$)",NY.GNP.PCAP.CD,630,590,550,530,510,520,500,..
Albania,ALB,"GNI per capita, Atlas method (current US$)",NY.GNP.PCAP.CD,4540,4390,4320,4290,4860,5230,5210,..
Cameroon,CMR,"GNI per capita, Atlas method (current US$)",NY.GNP.PCAP.CD,1540,1500,1440,1390,1490,1540,1520,..
Canada,CAN,"GNI per capita, Atlas method (current US$)",NY.GNP.PCAP.CD,52200,47590,43890,42900,45080,46540,43540,..
Cayman Islands,CYM,"GNI per capita, Atlas method (current US$)",NY.GNP.PCAP.CD,42930,44380,45880,52840,59380,68200,64000,..
Central African Republic,CAF,"GNI per capita, Atlas method (current US$)",NY.GNP.PCAP.CD,390,400,410,440,490,520,500,..
Chad,TCD,"GNI per capita, Atlas method (current US$)",NY.GNP.PCAP.CD,980,880,730,640,680,700,630,..
Channel Islands,CHI,"GNI per capita, Atlas method (current US$)",NY.GNP.PCAP.CD,..,..,..,..,..,..,..,..
Chile,CHL,"GNI per capita, Atlas method (current US$)",NY.GNP.PCAP.CD,14940,14130,13370,13270,14550,14990,13470,..
China,CHN,"GNI per capita, Atlas method (current US$)",NY.GNP.PCAP.CD,7470,7890,8210,8670,9540,10310,10550,..
Colombia,COL,"GNI per capita, Atlas method (current US$)",NY.GNP.PCAP.CD,8200,7330,6460,5930,6260,6570,5790,..
Comoros,COM,"GNI per capita, Atlas method (current US$)",NY.GNP.PCAP.CD,1490,1380,1320,1280,1370,1380,1400,..
"Congo, Dem. Rep.",COD,"GNI per capita, Atlas method (current US$)",NY.GNP.PCAP.CD,440,460,470,460,500,530,550,..
"Congo, Rep.",COG,"GNI per capita, Atlas method (current US$)",NY.GNP.PCAP.CD,3990,3090,2210,1700,1790,1810,1770,..
Costa Rica,CRI,"GNI per capita, Atlas method (current US$)",NY.GNP.PCAP.CD,10350,10700,11100,11500,11970,12090,11530,..
Cote d'Ivoire,CIV,"GNI per capita, Atlas method (current US$)",NY.GNP.PCAP.CD,1450,2050,2050,2030,2180,2290,2280,..
Croatia,HRV,"GNI per capita, Atlas method (current US$)",NY.GNP.PCAP.CD,13420,13140,12550,12840,14280,15320,14530,..
Cuba,CUB,"GNI per capita, Atlas method (current US$)",NY.GNP.PCAP.CD,6840,7230,7480,7950,8630,..,..,..
Curacao,CUW,"GNI per capita, Atlas method (current US$)",NY.GNP.PCAP.CD,20460,20210,19680,19610,20090,20370,17150,..
Cyprus,CYP,"GNI per capita, Atlas method (current US$)",NY.GNP.PCAP.CD,26530,26010,24720,24960,27330,28600,26440,..
Czech Republic,CZE,"GNI per capita, Atlas method (current US$)",NY.GNP.PCAP.CD,18900,18370,17670,18310,20560,22110,22070,..
Denmark,DNK,"GNI per capita, Atlas method (current US$)",NY.GNP.PCAP.CD,63670,60510,58040,56690,61260,63460,63010,..
Djibouti,DJI,"GNI per capita, Atlas method (current US$)",NY.GNP.PCAP.CD,..,2550,2640,2730,3010,3310,3310,..
Dominica,DMA,"GNI per capita, Atlas method (current US$)",NY.GNP.PCAP.CD,7740,6880,7320,7070,7700,8250,7270,..
Dominican Republic,DOM,"GNI per capita, Atlas method (current US$)",NY.GNP.PCAP.CD,6330,6580,6860,7090,7780,8100,7260,..
Ecuador,ECU,"GNI per capita, Atlas method (current US$)",NY.GNP.PCAP.CD,6110,5970,5800,5860,6090,6090,5530,..
"Egypt, Arab Rep.",EGY,"GNI per capita, Atlas method (current US$)",NY.GNP.PCAP.CD,3230,3340,3440,3030,2790,2690,3000,..
El Salvador,SLV,"GNI per capita, Atlas method (current US$)",NY.GNP.PCAP.CD,3400,3440,3510,3600,3820,3980,3630,..
Equatorial Guinea,GNQ,"GNI per capita, Atlas method (current US$)",NY.GNP.PCAP.CD,13230,10850,8270,6510,6730,6280,5810,..
Eritrea,ERI,"GNI per capita, Atlas method (current US$)",NY.GNP.PCAP.CD,..,..,..,..,..,..,..,..
Estonia,EST,"GNI per capita, Atlas method (current US$)",NY.GNP.PCAP.CD,19010,18710,18440,18790,21330,23270,..,..
Eswatini,SWZ,"GNI per capita, Atlas method (current US$)",NY.GNP.PCAP.CD,4130,3800,3450,3390,3620,3690,3410,..
Ethiopia,ETH,"GNI per capita, Atlas method (current US$)",NY.GNP.PCAP.CD,550,600,670,740,800,850,890,..
Faroe Islands,FRO,"GNI per capita, Atlas method (current US$)",NY.GNP.PCAP.CD,..,..,..,..,..,..,..,..
Fiji,FJI,"GNI per capita, Atlas method (current US$)",NY.GNP.PCAP.CD,5020,5100,5280,5370,5910,5800,4890,..
Finland,FIN,"GNI per capita, Atlas method (current US$)",NY.GNP.PCAP.CD,49420,47180,45530,44840,48220,49990,49800,..
France,FRA,"GNI per capita, Atlas method (current US$)",NY.GNP.PCAP.CD,43340,41130,39100,38320,41200,42550,39500,..
French Polynesia,PYF,"GNI per capita, Atlas method (current US$)",NY.GNP.PCAP.CD,..,..,..,..,..,..,..,..
Gabon,GAB,"GNI per capita, Atlas method (current US$)",NY.GNP.PCAP.CD,9330,7970,7080,6510,6830,7170,7030,..
"Gambia, The",GMB,"GNI per capita, Atlas method (current US$)",NY.GNP.PCAP.CD,650,620,620,660,720,750,750,..
Georgia,GEO,"GNI per capita, Atlas method (current US$)",NY.GNP.PCAP.CD,4740,4410,4080,4040,4460,4690,4260,..
Germany,DEU,"GNI per capita, Atlas method (current US$)",NY.GNP.PCAP.CD,47640,45780,44280,43760,47470,49190,47520,..
Ghana,GHA,"GNI per capita, Atlas method (current US$)",NY.GNP.PCAP.CD,1880,1940,1810,1880,2120,2230,2340,..
Gibraltar,GIB,"GNI per capita, Atlas method (current US$)",NY.GNP.PCAP.CD,..,..,..,..,..,..,..,..
Greece,GRC,"GNI per capita, Atlas method (current US$)",NY.GNP.PCAP.CD,22010,20190,18640,17960,19080,19670,17950,..
Greenland,GRL,"GNI per capita, Atlas method (current US$)",NY.GNP.PCAP.CD,..,..,..,..,..,..,..,..
Grenada,GRD,"GNI per capita, Atlas method (current US$)",NY.GNP.PCAP.CD,7520,7750,8350,8740,9560,9770,9410,..
Guam,GUM,"GNI per capita, Atlas method (current US$)",NY.GNP.PCAP.CD,..,..,..,..,..,..,..,..
Guatemala,GTM,"GNI per capita, Atlas method (current US$)",NY.GNP.PCAP.CD,3550,3700,3870,4100,4400,4610,4490,..
Guinea,GIN,"GNI per capita, Atlas method (current US$)",NY.GNP.PCAP.CD,740,760,780,820,860,950,1020,..
Guinea-Bissau,GNB,"GNI per capita, Atlas method (current US$)",NY.GNP.PCAP.CD,640,640,650,680,720,800,760,..
Guyana,GUY,"GNI per capita, Atlas method (current US$)",NY.GNP.PCAP.CD,5570,5470,5600,5910,6290,6630,7130,..
Haiti,HTI,"GNI per capita, Atlas method (current US$)",NY.GNP.PCAP.CD,1430,1410,1360,1340,1410,1390,1320,..
Honduras,HND,"GNI per capita, Atlas method (current US$)",NY.GNP.PCAP.CD,1990,2040,2110,2230,2310,2380,2180,..
"Hong Kong SAR, China",HKG,"GNI per capita, Atlas method (current US$)",NY.GNP.PCAP.CD,40240,41180,42970,46390,50060,50480,48630,..
Hungary,HUN,"GNI per capita, Atlas method (current US$)",NY.GNP.PCAP.CD,13560,13230,13100,13190,14980,16520,15890,..
Iceland,ISL,"GNI per capita, Atlas method (current US$)",NY.GNP.PCAP.CD,48090,49940,54910,60230,67760,72900,62410,..
India,IND,"GNI per capita, Atlas method (current US$)",NY.GNP.PCAP.CD,1560,1600,1680,1820,2010,2120,1920,..
Indonesia,IDN,"GNI per capita, Atlas method (current US$)",NY.GNP.PCAP.CD,3620,3430,3400,3530,3840,4050,3870,..
"Iran, Islamic Rep.",IRN,"GNI per capita, Atlas method (current US$)",NY.GNP.PCAP.CD,6500,5370,5500,5420,4530,3640,2960,..
Iraq,IRQ,"GNI per capita, Atlas method (current US$)",NY.GNP.PCAP.CD,6750,5800,5340,4640,5040,5810,4680,..
Ireland,IRL,"GNI per capita, Atlas method (current US$)",NY.GNP.PCAP.CD,46410,50390,51810,53350,59350,63300,65750,..
Isle of Man,IMN,"GNI per capita, Atlas method (current US$)",NY.GNP.PCAP.CD,89000,83990,78860,78810,83660,83920,..,..
Israel,ISR,"GNI per capita, Atlas method (current US$)",NY.GNP.PCAP.CD,36300,36200,36540,37970,41320,43540,42610,..
Italy,ITA,"GNI per capita, Atlas method (current US$)",NY.GNP.PCAP.CD,34910,33000,31970,31380,33850,34910,32360,..
Jamaica,JAM,"GNI per capita, Atlas method (current US$)",NY.GNP.PCAP.CD,4910,4700,4600,4750,5010,5250,4670,..
Japan,JPN,"GNI per capita, Atlas method (current US$)",NY.GNP.PCAP.CD,44440,39380,38490,38990,41850,42330,..,..
Jordan,JOR,"GNI per capita, Atlas method (current US$)",NY.GNP.PCAP.CD,3920,3950,4000,4080,4270,4410,4310,..
Kazakhstan,KAZ,"GNI per capita, Atlas method (current US$)",NY.GNP.PCAP.CD,12080,11380,8770,8040,8070,8820,8710,..
Kenya,KEN,"GNI per capita, Atlas method (current US$)",NY.GNP.PCAP.CD,1230,1300,1460,1510,1680,1830,1840,..
Kiribati,KIR,"GNI per capita, Atlas method (current US$)",NY.GNP.PCAP.CD,3220,3470,2920,3020,3100,3430,2960,..
"Korea, Dem. People's Rep.",PRK,"GNI per capita, Atlas method (current US$)",NY.GNP.PCAP.CD,..,..,..,..,..,..,..,..
"Korea, Rep.",KOR,"GNI per capita, Atlas method (current US$)",NY.GNP.PCAP.CD,28160,28720,29330,30300,32750,33830,32930,..
Kosovo,XKX,"GNI per capita, Atlas method (current US$)",NY.GNP.PCAP.CD,3910,3930,3930,3950,4300,4640,4440,..
Kuwait,KWT,"GNI per capita, Atlas method (current US$)",NY.GNP.PCAP.CD,51000,41820,35330,31400,33430,36290,..,..
Kyrgyz Republic,KGZ,"GNI per capita, Atlas method (current US$)",NY.GNP.PCAP.CD,1250,1180,1110,1110,1220,1240,1170,..
Lao PDR,LAO,"GNI per capita, Atlas method (current US$)",NY.GNP.PCAP.CD,1830,1980,2130,2260,2480,2540,2520,..
Latvia,LVA,"GNI per capita, Atlas method (current US$)",NY.GNP.PCAP.CD,15340,15110,14800,14870,16550,17810,17890,..
Lebanon,LBN,"GNI per capita, Atlas method (current US$)",NY.GNP.PCAP.CD,7550,7300,7250,7490,7750,7420,5370,..
Lesotho,LSO,"GNI per capita, Atlas method (current US$)",NY.GNP.PCAP.CD,1350,1310,1270,1190,1230,1290,1100,..
Liberia,LBR,"GNI per capita, Atlas method (current US$)",NY.GNP.PCAP.CD,650,650,640,640,630,610,570,..
Libya,LBY,"GNI per capita, Atlas method (current US$)",NY.GNP.PCAP.CD,7610,5690,4550,5410,6800,7720,4960,..
Liechtenstein,LIE,"GNI per capita, Atlas method (current US$)",NY.GNP.PCAP.CD,..,..,..,..,..,..,..,..
Lithuania,LTU,"GNI per capita, Atlas method (current US$)",NY.GNP.PCAP.CD,16070,15190,14890,15280,17470,19060,19620,..
Luxembourg,LUX,"GNI per capita, Atlas method (current US$)",NY.GNP.PCAP.CD,86760,73530,73730,75800,79540,77110,81110,..
"Macao SAR, China",MAC,"GNI per capita, Atlas method (current US$)",NY.GNP.PCAP.CD,72140,62080,63700,69960,76480,75690,..,..
Madagascar,MDG,"GNI per capita, Atlas method (current US$)",NY.GNP.PCAP.CD,520,490,470,470,500,520,470,..
Malawi,MWI,"GNI per capita, Atlas method (current US$)",NY.GNP.PCAP.CD,370,350,340,370,430,550,580,..
Malaysia,MYS,"GNI per capita, Atlas method (current US$)",NY.GNP.PCAP.CD,11140,10680,10150,9950,10650,11260,10570,..
Maldives,MDV,"GNI per capita, Atlas method (current US$)",NY.GNP.PCAP.CD,7320,7650,8070,8600,9210,9640,6490,..
Mali,MLI,"GNI per capita, Atlas method (current US$)",NY.GNP.PCAP.CD,810,800,780,770,830,870,830,..
Malta,MLT,"GNI per capita, Atlas method (current US$)",NY.GNP.PCAP.CD,24560,25230,23590,24140,27090,28340,25860,..
Marshall Islands,MHL,"GNI per capita, Atlas method (current US$)",NY.GNP.PCAP.CD,4040,4290,4250,4440,4840,5050,4940,..
Mauritania,MRT,"GNI per capita, Atlas method (current US$)",NY.GNP.PCAP.CD,1750,1640,1510,1530,1640,1720,1670,..
Mauritius,MUS,"GNI per capita, Atlas method (current US$)",NY.GNP.PCAP.CD,10820,10700,10640,10980,12270,12890,10230,..
Mexico,MEX,"GNI per capita, Atlas method (current US$)",NY.GNP.PCAP.CD,10500,10160,9390,8920,9180,9470,8480,..
"Micronesia, Fed. Sts.",FSM,"GNI per capita, Atlas method (current US$)",NY.GNP.PCAP.CD,3150,3490,3410,3450,3400,3930,3950,..
Moldova,MDA,"GNI per capita, Atlas method (current US$)",NY.GNP.PCAP.CD,3740,3300,3180,3330,3920,4580,4560,..
Monaco,MCO,"GNI per capita, Atlas method (current US$)",NY.GNP.PCAP.CD,..,..,..,..,..,..,..,..
Mongolia,MNG,"GNI per capita, Atlas method (current US$)",NY.GNP.PCAP.CD,4210,3800,3490,3240,3690,3850,3740,..
Montenegro,MNE,"GNI per capita, Atlas method (current US$)",NY.GNP.PCAP.CD,7320,7250,7090,7400,8430,9130,7900,..
Morocco,MAR,"GNI per capita, Atlas method (current US$)",NY.GNP.PCAP.CD,3060,3020,2880,2880,3090,3200,3020,..
Mozambique,MOZ,"GNI per capita, Atlas method (current US$)",NY.GNP.PCAP.CD,690,640,530,470,460,490,460,..
Myanmar,MMR,"GNI per capita, Atlas method (current US$)",NY.GNP.PCAP.CD,1210,1170,1200,1180,1220,1270,1350,..
Namibia,NAM,"GNI per capita, Atlas method (current US$)",NY.GNP.PCAP.CD,5790,5310,4740,4620,4920,5160,4500,..
Nauru,NRU,"GNI per capita, Atlas method (current US$)",NY.GNP.PCAP.CD,14920,13690,12720,12340,14290,16620,15990,..
Nepal,NPL,"GNI per capita, Atlas method (current US$)",NY.GNP.PCAP.CD,880,890,880,990,1120,1230,1190,..
Netherlands,NLD,"GNI per capita, Atlas method (current US$)",NY.GNP.PCAP.CD,52000,49850,46930,47160,51320,53230,51070,..
New Caledonia,NCL,"GNI per capita, Atlas method (current US$)",NY.GNP.PCAP.CD,..,..,..,..,..,..,..,..
New Zealand,NZL,"GNI per capita, Atlas method (current US$)",NY.GNP.PCAP.CD,41680,40650,39440,38910,41680,42870,..,..
Nicaragua,NIC,"GNI per capita, Atlas method (current US$)",NY.GNP.PCAP.CD,1830,1890,1960,2030,1970,1900,1850,..
Niger,NER,"GNI per capita, Atlas method (current US$)",NY.GNP.PCAP.CD,590,560,530,520,570,590,550,..
Nigeria,NGA,"GNI per capita, Atlas method (current US$)",NY.GNP.PCAP.CD,2940,2820,2430,2090,1960,2030,2000,..
North Macedonia,MKD,"GNI per capita, Atlas method (current US$)",NY.GNP.PCAP.CD,5220,5130,5000,4940,5500,5890,5750,..
Northern Mariana Islands,MNP,"GNI per capita, Atlas method (current US$)",NY.GNP.PCAP.CD,..,..,..,..,..,..,..,..
Norway,NOR,"GNI per capita, Atlas method (current US$)",NY.GNP.PCAP.CD,104370,92910,81370,75650,80320,81640,78290,..
Oman,OMN,"GNI per capita, Atlas method (current US$)",NY.GNP.PCAP.CD,21920,20160,18190,16130,16370,16430,15030,..
Pakistan,PAK,"GNI per capita, Atlas method (current US$)",NY.GNP.PCAP.CD,1230,1260,1310,1400,1480,1410,1270,..
Palau,PLW,"GNI per capita, Atlas method (current US$)",NY.GNP.PCAP.CD,14150,15860,16720,16540,17380,16710,14390,..
Panama,PAN,"GNI per capita, Atlas method (current US$)",NY.GNP.PCAP.CD,11190,12200,12780,13750,14490,14920,12420,..
Papua New Guinea,PNG,"GNI per capita, Atlas method (current US$)",NY.GNP.PCAP.CD,2990,2860,2710,2590,2600,2720,2720,..
Paraguay,PRY,"GNI per capita, Atlas method (current US$)",NY.GNP.PCAP.CD,5810,5640,5400,5370,5600,5510,5180,..
Peru,PER,"GNI per capita, Atlas method (current US$)",NY.GNP.PCAP.CD,6530,6340,6110,6060,6470,6790,6030,..
Philippines,PHL,"GNI per capita, Atlas method (current US$)",NY.GNP.PCAP.CD,3330,3380,3450,3530,3710,3850,3430,..
Poland,POL,"GNI per capita, Atlas method (current US$)",NY.GNP.PCAP.CD,13560,13310,12720,12730,14150,15360,15260,..
Portugal,PRT,"GNI per capita, Atlas method (current US$)",NY.GNP.PCAP.CD,21200,20460,19940,20060,22060,23200,21810,..
Puerto Rico,PRI,"GNI per capita, Atlas method (current US$)",NY.GNP.PCAP.CD,19280,19420,19710,20000,21080,22060,21160,..
Qatar,QAT,"GNI per capita, Atlas method (current US$)",NY.GNP.PCAP.CD,80890,73440,64550,56920,58830,61210,55990,..
Romania,ROU,"GNI per capita, Atlas method (current US$)",NY.GNP.PCAP.CD,9700,9600,9620,10110,11430,12620,12600,..
Russian Federation,RUS,"GNI per capita, Atlas method (current US$)",NY.GNP.PCAP.CD,14630,11780,9730,9210,10250,11250,10690,..
Rwanda,RWA,"GNI per capita, Atlas method (current US$)",NY.GNP.PCAP.CD,740,750,740,730,780,830,780,..
Samoa,WSM,"GNI per capita, Atlas method (current US$)",NY.GNP.PCAP.CD,3820,3960,4110,4070,4050,4230,4050,..
San Marino,SMR,"GNI per capita, Atlas method (current US$)",NY.GNP.PCAP.CD,..,..,..,..,..,..,..,..
Sao Tome and Principe,STP,"GNI per capita, Atlas method (current US$)",NY.GNP.PCAP.CD,1630,1650,1690,1700,1870,1950,2060,..
Saudi Arabia,SAU,"GNI per capita, Atlas method (current US$)",NY.GNP.PCAP.CD,25550,23710,21610,19990,21610,22840,21930,..
Senegal,SEN,"GNI per capita, Atlas method (current US$)",NY.GNP.PCAP.CD,1370,1320,1270,1280,1390,1430,1430,..
Serbia,SRB,"GNI per capita, Atlas method (current US$)",NY.GNP.PCAP.CD,6240,5960,5700,5570,6410,7040,7430,..
Seychelles,SYC,"GNI per capita, Atlas method (current US$)",NY.GNP.PCAP.CD,13350,14020,13840,14320,15750,15790,12200,..
Sierra Leone,SLE,"GNI per capita, Atlas method (current US$)",NY.GNP.PCAP.CD,700,550,490,520,490,530,510,..
Singapore,SGP,"GNI per capita, Atlas method (current US$)",NY.GNP.PCAP.CD,56380,53160,53060,54460,56900,58390,54920,..
Sint Maarten (Dutch part),SXM,"GNI per capita, Atlas method (current US$)",NY.GNP.PCAP.CD,28670,29560,30890,28210,27510,..,..,..
Slovak Republic,SVK,"GNI per capita, Atlas method (current US$)",NY.GNP.PCAP.CD,18280,17700,16790,16620,18340,19250,18920,..
Slovenia,SVN,"GNI per capita, Atlas method (current US$)",NY.GNP.PCAP.CD,23620,22270,21790,22140,24640,25980,25340,..
Solomon Islands,SLB,"GNI per capita, Atlas method (current US$)",NY.GNP.PCAP.CD,2190,2130,2140,2220,2360,2370,2300,..
Somalia,SOM,"GNI per capita, Atlas method (current US$)",NY.GNP.PCAP.CD,..,400,400,380,400,420,420,..
South Africa,ZAF,"GNI per capita, Atlas method (current US$)",NY.GNP.PCAP.CD,7370,6610,5990,5910,6340,6670,6010,..
South Sudan,SSD,"GNI per capita, Atlas method (current US$)",NY.GNP.PCAP.CD,1250,1090,..,..,..,..,..,..
Spain,ESP,"GNI per capita, Atlas method (current US$)",NY.GNP.PCAP.CD,29140,28450,27550,27100,29310,30380,27360,..
Sri Lanka,LKA,"GNI per capita, Atlas method (current US$)",NY.GNP.PCAP.CD,3640,3760,3810,3870,4040,4010,3720,..
St. Kitts and Nevis,KNA,"GNI per capita, Atlas method (current US$)",NY.GNP.PCAP.CD,16490,16410,18510,18840,19790,21160,19080,..
St. Lucia,LCA,"GNI per capita, Atlas method (current US$)",NY.GNP.PCAP.CD,8840,8740,9430,10060,10720,10950,8560,..
St. Martin (French part),MAF,"GNI per capita, Atlas method (current US$)",NY.GNP.PCAP.CD,..,..,..,..,..,..,..,..
St. Vincent and the Grenadines,VCT,"GNI per capita, Atlas method (current US$)",NY.GNP.PCAP.CD,6390,6560,6800,6990,7400,7460,7310,..
Sudan,SDN,"GNI per capita, Atlas method (current US$)",NY.GNP.PCAP.CD,1150,1220,1180,1050,840,690,530,..
Suriname,SUR,"GNI per capita, Atlas method (current US$)",NY.GNP.PCAP.CD,9260,8890,6940,5940,5970,6190,4620,..
Sweden,SWE,"GNI per capita, Atlas method (current US$)",NY.GNP.PCAP.CD,61870,58420,54360,53030,55640,56410,54050,..
Switzerland,CHE,"GNI per capita, Atlas method (current US$)",NY.GNP.PCAP.CD,89400,87960,84420,81880,83280,84260,82620,..
Syrian Arab Republic,SYR,"GNI per capita, Atlas method (current US$)",NY.GNP.PCAP.CD,1130,950,830,800,920,1170,..,..
Tajikistan,TJK,"GNI per capita, Atlas method (current US$)",NY.GNP.PCAP.CD,1350,1260,1110,1030,1030,1070,1060,..
Tanzania,TZA,"GNI per capita, Atlas method (current US$)",NY.GNP.PCAP.CD,970,980,970,970,1030,1100,1080,..
Thailand,THA,"GNI per capita, Atlas method (current US$)",NY.GNP.PCAP.CD,5760,5710,5700,5970,6610,7260,7040,..
Timor-Leste,TLS,"GNI per capita, Atlas method (current US$)",NY.GNP.PCAP.CD,2710,2200,1750,1800,1820,2050,1990,..
Togo,TGO,"GNI per capita, Atlas method (current US$)",NY.GNP.PCAP.CD,640,640,670,720,880,920,920,..
Tonga,TON,"GNI per capita, Atlas method (current US$)",NY.GNP.PCAP.CD,4600,4440,4410,4590,4800,5150,5190,..
Trinidad and Tobago,TTO,"GNI per capita, Atlas method (current US$)",NY.GNP.PCAP.CD,18560,18910,16880,15980,15990,16580,15420,..
Tunisia,TUN,"GNI per capita, Atlas method (current US$)",NY.GNP.PCAP.CD,4380,4190,3980,3750,3730,3580,3300,..
Turkey,TUR,"GNI per capita, Atlas method (current US$)",NY.GNP.PCAP.CD,12630,12030,11260,10970,10510,9690,9050,..
Turkmenistan,TKM,"GNI per capita, Atlas method (current US$)",NY.GNP.PCAP.CD,7200,7030,6830,6380,6740,7220,..,..
Turks and Caicos Islands,TCA,"GNI per capita, Atlas method (current US$)",NY.GNP.PCAP.CD,23280,25530,27300,26200,28340,30250,..,..
Tuvalu,TUV,"GNI per capita, Atlas method (current US$)",NY.GNP.PCAP.CD,4670,5440,5060,4810,5440,5620,5820,..
Uganda,UGA,"GNI per capita, Atlas method (current US$)",NY.GNP.PCAP.CD,820,830,800,740,750,790,800,..
Ukraine,UKR,"GNI per capita, Atlas method (current US$)",NY.GNP.PCAP.CD,3560,2800,2360,2360,2750,3310,3570,..
United Arab Emirates,ARE,"GNI per capita, Atlas method (current US$)",NY.GNP.PCAP.CD,44370,42870,40550,39280,41470,43830,39410,..
United Kingdom,GBR,"GNI per capita, Atlas method (current US$)",NY.GNP.PCAP.CD,44670,44730,43460,41880,42410,43460,39830,..
United States,USA,"GNI per capita, Atlas method (current US$)",NY.GNP.PCAP.CD,55800,56640,57130,59240,63490,65970,64140,..
Uruguay,URY,"GNI per capita, Atlas method (current US$)",NY.GNP.PCAP.CD,15790,15620,15440,15920,17270,17760,15790,..
Uzbekistan,UZB,"GNI per capita, Atlas method (current US$)",NY.GNP.PCAP.CD,2600,2740,2790,2470,2110,1870,1740,..
Vanuatu,VUT,"GNI per capita, Atlas method (current US$)",NY.GNP.PCAP.CD,3000,2820,2830,2900,3170,3450,3190,..
"Venezuela, RB",VEN,"GNI per capita, Atlas method (current US$)",NY.GNP.PCAP.CD,13080,..,..,..,..,..,..,..
Vietnam,VNM,"GNI per capita, Atlas method (current US$)",NY.GNP.PCAP.CD,1880,1950,2020,2120,2380,2570,2650,..
Virgin Islands (U.S.),VIR,"GNI per capita, Atlas method (current US$)",NY.GNP.PCAP.CD,..,..,..,..,..,..,..,..
West Bank and Gaza,PSE,"GNI per capita, Atlas method (current US$)",NY.GNP.PCAP.CD,3560,3670,3900,3930,4190,4270,3710,..
"Yemen, Rep.",YEM,"GNI per capita, Atlas method (current US$)",NY.GNP.PCAP.CD,1460,1200,1160,1080,910,..,..,..
Zambia,ZMB,"GNI per capita, Atlas method (current US$)",NY.GNP.PCAP.CD,1800,1580,1370,1300,1440,1430,1160,..
Zimbabwe,ZWE,"GNI per capita, Atlas method (current US$)",NY.GNP.PCAP.CD,1370,1390,1390,1350,1350,1210,1140,..
,,,,,,,,,,,
,,,,,,,,,,,
,,,,,,,,,,,
Data from database: World Development Indicators,,,,,,,,,,,
Last Updated: 04/27/2022,,,,,,,,,,,
